{
  "configs": [
    {
      "server": "45.249.244.167",
      "server_port": 443,
      "password": "jiajia1@123",
      "method": "rc4-md5",
      "remarks": "",
      "auth": false,
      "timeout": 5
    }
  ],
  "strategy": null,
  "index": 0,
  "global": false,
  "enabled": true,
  "shareOverLan": true,
  "isDefault": false,
  "localPort": 10086,
  "pacUrl": null,
  "useOnlinePac": false,
  "availabilityStatistics": false,
  "autoCheckUpdate": false,
  "isVerboseLogging": false,
  "logViewer": {
    "fontName": "Consolas",
    "fontSize": 8.25,
    "bgColor": "Black",
    "textColor": "White",
    "topMost": false,
    "wrapText": false,
    "toolbarShown": false,
    "width": 160,
    "height": 27,
    "top": -32000,
    "left": -32000,
    "maximized": true
  },
  "proxy": {
    "useProxy": false,
    "proxyType": 0,
    "proxyServer": "",
    "proxyPort": 0,
    "proxyTimeout": 3
  },
  "hotkey": {
    "SwitchSystemProxy": "",
    "ChangeToPac": "",
    "ChangeToGlobal": "",
    "SwitchAllowLan": "",
    "ShowLogs": "",
    "ServerMoveUp": "",
    "ServerMoveDown": ""
  }
}